id;login;password_hash;first_name;last_name;email;created_by;last_modified_by
3;petronila.powlowski;$2a$10$YzmFKrpMyVsSF3SRzp/F.e.Ui21DrM74vpVTe9IxwyQvL8o3G/4fK;Petronila;Powlowski;petronila.powlowski@ucll.com;system;system
4;sharda.schaden;$2a$10$ZIXG2KJRV8PdzL/8u1DDOOUKZJ0fXxLJDRX9kg7iTM2wgTno1.a8.;Sharda;Schaden;sharda.schaden@ucll.com;system;system
5;bernardine.mohr;$2a$10$gGJh7uCZp/D7Iet.QgDfE.z.PVK9C.PniUxp53Xu7DRzcZrpJp7K.;Bernardine;Mohr;bernardine.mohr@ucll.com;system;system
6;hal.marks;$2a$10$pJ2u4YM8uRxpNCqlYFT/zu57byN.GuUvuYov1tHaai34XtMkKnKk6;Hal;Marks;hal.marks@ucll.com;system;system
7;gayle.ruecker;$2a$10$GcU.UGU60iFLsee4H666TeGD/YJlBM3iOinJUPJ8WimM8a05joPmi;Gayle;Ruecker;gayle.ruecker@ucll.com;system;system
8;breana.lebsack;$2a$10$5Lkwpu0cpbL28JYk3lIp7eRuUy79TXE3BQPfh0NcHxq0GCCjL/38C;Breana;Lebsack;breana.lebsack@ucll.com;system;system
9;marcy.fay;$2a$10$3GIluD4I5RME4VXrqAhdEOrtbeKlOTK3uE.68RfyN7/3fiUqqhuDu;Marcy;Fay;marcy.fay@ucll.com;system;system
10;cesar.kautzer;$2a$10$frlKGwcfH/9zXTTkBJzTL.kaZXp59rMjSX2jqWGlxi.PDAqkDPBG6;Cesar;Kautzer;cesar.kautzer@ucll.com;system;system
11;aaron.streich;$2a$10$4ojJO5ezqFa8DsP.13eF7OIBH7hO2wTv1vyb5L.xW3RCqH.vWh6Y.;Aaron;Streich;aaron.streich@ucll.com;system;system
12;lester.quitzon;$2a$10$ZcJpQBtmi0JYvrB00yaHle1X3LxH/nU9GtV8CGolo7eHsB1ltnw7.;Lester;Quitzon;lester.quitzon@ucll.com;system;system
13;doyle.gerlach;$2a$10$OV812iOD8.opQbwb56ofmuL.rQRc7Ae.pOwaiVDiXFasNYnYUpBEK;Doyle;Gerlach;doyle.gerlach@ucll.com;system;system
14;faviola.swift;$2a$10$/.YVc9qgUJEdYtGA9Gr1JuJEWpJLICAq8Moml2/xOMiX/w3f7WLA.;Faviola;Swift;faviola.swift@ucll.com;system;system
15;breanna.block;$2a$10$U37mPDTIACuSGTKIwSejNeyau0AvPc5eg//m7ss9wP31qBISIz.Wm;Breanna;Block;breanna.block@ucll.com;system;system
16;leena.berge;$2a$10$la8WsuwkN75veCKqn9C5vOx8uQcy2WOhFRqEi9l3jPGhQ7xmJHhAm;Leena;Berge;leena.berge@ucll.com;system;system
17;sterling.hintz;$2a$10$mozp4HOGuPrgSAyrpseEfO1VFSMrNRpbhaIDx0Ii8A74I8TwPfIl2;Sterling;Hintz;sterling.hintz@ucll.com;system;system
18;eulalia.muller;$2a$10$FmJPaeMUBF48NpTubXRnD.yZ83cPpSytSKZ8QecMB/fYWR1KVdwhi;Eulalia;Muller;eulalia.muller@ucll.com;system;system
19;omer.kohler;$2a$10$0xauj41b8M29qr/wYzjttezipwiJblq2u3Zi/b6WqAtvP9wv/wYzC;Omer;Kohler;omer.kohler@ucll.com;system;system
20;wayne.bailey;$2a$10$Uk2B2syMRnoKBXsC4AgLseh.HdvwOXhlJW839kQTYm5rxAHRewGTG;Wayne;Bailey;wayne.bailey@ucll.com;system;system
21;jarrett.zulauf;$2a$10$H.5CPr0CwEOKph7oZLkU3enqzaleXTU.rHeI/rTilRf/ryq0YdJ8a;Jarrett;Zulauf;jarrett.zulauf@ucll.com;system;system
22;reginald.welch;$2a$10$yVc5moVf2MGraXDf2er1J.F0TmYYx62m592pw1qrBMS5p5AR4x05y;Reginald;Welch;reginald.welch@ucll.com;system;system
23;vaughn.cole;$2a$10$kDgGRNTrza1YIetGtCcVa.mgZEwx06XWvT8MrKy8mzT2HsQF/IhWW;Vaughn;Cole;vaughn.cole@ucll.com;system;system
24;mohammad.keebler;$2a$10$/qx0/WGqh3wY3VLjRTuR7up/TvSP.dHbkPdEyQD6nsxA99BlrbLkG;Mohammad;Keebler;mohammad.keebler@ucll.com;system;system
25;alex.raynor;$2a$10$hYrC2DvN7aJLD3QvMQwSyeR32NmIDuItJLkXNlsCyvC1s7TAJm92m;Alex;Raynor;alex.raynor@ucll.com;system;system
26;alan.mayer;$2a$10$w5fczdvNT0SjZWRAJ7k6I.i2Umip/jkEiI9Cf0HyP0xQ2a1.IYRv.;Alan;Mayer;alan.mayer@ucll.com;system;system
27;luciano.hermann;$2a$10$tYNqjqTYj3kNiv/8ICsd9u7C9r7B8mik.Kc.o8IMSRMlvStV5W2cG;Luciano;Hermann;luciano.hermann@ucll.com;system;system
28;houston.king;$2a$10$0FoiqITbuRCAkWJOP5e.5uueFjXM8epjbVVueyiPFteOubwH4dNKS;Houston;King;houston.king@ucll.com;system;system
29;galen.bergstrom;$2a$10$UCRKaki2VAuNVOzRhIdkKuMy.yDtqBgovaxif3IGl.lSwlyvnfYTO;Galen;Bergstrom;galen.bergstrom@ucll.com;system;system
30;wilfredo.emard;$2a$10$RQu5Pqn6l07dDhCfWVLJSezi6NHnFzjCso754skG1G4wSgCaxkkdi;Wilfredo;Emard;wilfredo.emard@ucll.com;system;system
31;nora.schinner;$2a$10$P0s0GUVGKWh5ieDxdW1uzOvZXPQk5QSf2qHdyB3u63Af2jX2C1.1i;Nora;Schinner;nora.schinner@ucll.com;system;system
32;armanda.aufderhar;$2a$10$unYSUjBuoOxCWCMKwGdC/O0snf3Pb9nwVP7Ig5Em3RlRCE3ehFoDe;Armanda;Aufderhar;armanda.aufderhar@ucll.com;system;system
33;mickey.erdman;$2a$10$cDfEEuUIskfuHuFvlQ73eursf58WsNlxRMwh3ifubrdYhUL2Hm00S;Mickey;Erdman;mickey.erdman@ucll.com;system;system
34;ira.kessler;$2a$10$UKBixMDWb84..zyz9x.JMezSa6b2iQ5XUIt.tbjN0aNJqiXWdKCzi;Ira;Kessler;ira.kessler@ucll.com;system;system
35;dovie.miller;$2a$10$hYLCcFQicrh.kX1W9wkKeueckUPfG1bpt1ZfPBDAJ7qgadZFbnx0W;Dovie;Miller;dovie.miller@ucll.com;system;system
36;laraine.lynch;$2a$10$3gkLqALTEXERxsvwa9Av0eHsmi08EhDoFTNhL/PZ/Dq7n.eiB3uI.;Laraine;Lynch;laraine.lynch@ucll.com;system;system
37;treva.volkman;$2a$10$wmKsFQh.sad/ngu/ycYtz.5LPxBuyFn2R3RMJLvHkBOVLj59.9iKq;Treva;Volkman;treva.volkman@ucll.com;system;system
38;jon.weimann;$2a$10$UUC1NmiGw/825Ua/AznSgu8eDqN4n6baV8vrYSFMPXh/3XJi2KZeS;Jon;Weimann;jon.weimann@ucll.com;system;system
39;patsy.mante;$2a$10$NlZOrnb2.hFOK.68iSJd0OMlp7Gy5vVBEUmDNzZLF4g/5VrTPqyUW;Patsy;Mante;patsy.mante@ucll.com;system;system
40;francisco.schinner;$2a$10$PDmU85rc3U4y0/PCmC6mQeVJv.vg2uAnJvLqqDBlawJ7.p17yf7dK;Francisco;Schinner;francisco.schinner@ucll.com;system;system
41;norberto.von;$2a$10$hgy0eOETyYvjUSxgT6AhOe3CONbNlkrfBdACZGmkfAwsguIA2DFgW;Norberto;Von;norberto.von@ucll.com;system;system
42;joleen.gibson;$2a$10$3rsjFCeQTmC9ulVf2aHcDupapH3VRdXYoOU4TXmo7YEeyCnUiYwwi;Joleen;Gibson;joleen.gibson@ucll.com;system;system
43;pilar.cummings;$2a$10$.Rq2rWNBvPzsAOTyA0CKXOawSwJVal7aO9Bz7I9V3rCbX2MWIhaa6;Pilar;Cummings;pilar.cummings@ucll.com;system;system
44;norah.jenkins;$2a$10$a09JkSbCddueFpeJu2I2RulxU7fUyDt4bYJCy.PpxqLUbRvD5VCnG;Norah;Jenkins;norah.jenkins@ucll.com;system;system
45;eldon.baumbach;$2a$10$CQFDAWR.G86DV0ZCl32omegQ18HWwAlvqv/Dh.V3aGGQ3uFYE6sEq;Eldon;Baumbach;eldon.baumbach@ucll.com;system;system
46;jeffrey.hoeger;$2a$10$mIZvX5d2.N4WHBj9MR20W./DpELubfrP8lOOFhXlqmmJcSku0jvwa;Jeffrey;Hoeger;jeffrey.hoeger@ucll.com;system;system
47;deena.windler;$2a$10$VG.Y.DLTwnPXu0hFrr41huzuoKks/035eE3qeYEHSFKZ2GAc9o5m2;Deena;Windler;deena.windler@ucll.com;system;system
48;lynnette.morissette;$2a$10$1L4RmkD241EgwYAoYsWoBeFqkSqgQT4nDs4I04V8GpAxGxuA1Wkg2;Lynnette;Morissette;lynnette.morissette@ucll.com;system;system
49;luke.koss;$2a$10$Eq1yfJ1pEAXuSo8vxV5LHOePubUbCx2Ky6nEgyaXmFfFnDdJ8E9Mu;Luke;Koss;luke.koss@ucll.com;system;system
50;don.mayert;$2a$10$RA9228NTCEnjINEBZUEeNu3N2lDoybrSmNpvOWHPrJaCOBbd7M.fe;Don;Mayert;don.mayert@ucll.com;system;system
51;lynn.gottlieb;$2a$10$bWyP6Z.5V4dydb8VN4u/puWkdDKEpBmrO7pT0WtgGq1DskiXC0GRi;Lynn;Gottlieb;lynn.gottlieb@ucll.com;system;system
52;norman.turner;$2a$10$o.MzzUQIQ0kg11qcz9Q.uuWADj78zQ7U2l2Xt79RyWgdjh2oonK2u;Norman;Turner;norman.turner@ucll.com;system;system
53;rodger.langworth;$2a$10$F1/jYTFQGQaRbZzsKbq.0ezdg383CNDeiiI9mLBqTAlMZnbUUegr6;Rodger;Langworth;rodger.langworth@ucll.com;system;system
54;joline.weissnat;$2a$10$UFRkSUhvrkBp.lOytRdjjOjImNjfNHwdgMzrRRbHDwDGwFaLA.elm;Joline;Weissnat;joline.weissnat@ucll.com;system;system
55;dong.mann;$2a$10$S5YLsCEajjivsr6UQUiMCOZW9Q2Q/YSKtzSiGEWVLH3kChDFmoHOq;Dong;Mann;dong.mann@ucll.com;system;system
56;nicolasa.bruen;$2a$10$Mvm9bkXYwW6ME1jdzX32w.ifcujmOvSTFXpyNHJe7tidICePrZ8cu;Nicolasa;Bruen;nicolasa.bruen@ucll.com;system;system
57;luigi.abernathy;$2a$10$.xfzPDOrKyL6mFTw.Icr6uOGzk/i4unJ5SwwYgBe5dWH.4gIJgJsy;Luigi;Abernathy;luigi.abernathy@ucll.com;system;system
58;tameka.rath;$2a$10$.LAwzegYilHGpm/gjk9CDus8WgRAtoYOgvHAUTi7.EgnTK1yuSBua;Tameka;Rath;tameka.rath@ucll.com;system;system
59;bennie.schamberger;$2a$10$vfOABT.4V1zjgiQvoVSpNeatAvEr7b/oTfjVuaAoojTaucvb22sse;Bennie;Schamberger;bennie.schamberger@ucll.com;system;system
60;kent.huels;$2a$10$cSCv8VVAHvBW4UGFRmpq1uX/vUmTiHb52wCcn/c2zfF.dpP/s.xfi;Kent;Huels;kent.huels@ucll.com;system;system
